Gene_name	strand	N	mean_count	sd_count	z	pval	qval
1	PABPC4	+	27	0	0	Inf	0	0
2	SART3	+	28	0.8	0.447213595499958	60.8210489879943	0	0
3	PABPC1	+	28	1.4	0.894427190999916	29.7397041007472	1.17816606614193e-194	1.33525487496086e-193
4	KHDRBS3	+	28	2.4	1.14017542509914	22.4526852942599	6.02350491039756e-112	5.11997917383793e-111
5	SRSF10	+	27	1.2	1.78885438199983	14.4226384548736	1.86406726086357e-47	1.26756573738723e-46
6	HNRNPA1	+	4	1	0.707106781186548	4.24264068711928	1.10452484992927e-05	6.25897414959922e-05
7	PPIE	+	42	14.6	7.50333259292163	3.65171071129756	0.000130249617334236	0.000492054109929335
